[
    {
        "id": 2,
        "name": "King 3000",
        "type": "server",
        "amount": 13,
        "processor": "Selenium II"
    },
    {
        "id": 3,
        "name": "MaxEffect 2000",
        "type": "tabletop",
        "amount": 25,
        "processor": "MinPower"
    },
    {
        "id": 6,
        "name": "BigFlop Mark II",
        "type": "gameover",
        "amount": 1,
        "processor": "PiTron 3"
    },
    {
        "id": 1,
        "name": "Cera 2400",
        "type": "supercomputer",
        "amount": 20,
        "processor": "Brain 456"
    },
    {
        "id": 5,
        "name": "Xunil 4.7",
        "type": "laptop",
        "amount": 150,
        "processor": "MotorOlè"
    },
    {
        "id": 7,
        "name": "Beast II",
        "type": "embedded",
        "amount": 15,
        "processor": "X-Force"
    },
    {
        "id": 4,
        "name": "GameDelux",
        "type": "pocket computer",
        "amount": 100,
        "processor": "BNE"
    }
]